{
    "assistments": {
        "BKT": {
            "auc": [
                0.7315290238893093,
                0.7286372387238724,
                0.7352749446579658,
                0.6991246544688694,
                0.7297188425982822,
                0.7246977652536475,
                0.6812727145652782,
                0.7187783129083019,
                0.6838681551051793,
                0.6951027496773234
            ],
            "rmse": [
                0.44782922088796445,
                0.44335532381762915,
                0.4452695151313046,
                0.464621638493133,
                0.44742234752704024,
                0.44698164381911015,
                0.45776848364281547,
                0.45250322406883514,
                0.45847086826904415,
                0.4581422703429534
            ]
        },
        "BKT+F": {
            "auc": [
                0.744703275321587,
                0.7278946644664466,
                0.747307593062893,
                0.6907726734237201,
                0.7345800390534322,
                0.7300835918124624,
                0.6744793122728543,
                0.7100928493089096,
                0.6850627505904323,
                0.6995425088355938
            ],
            "rmse": [
                0.4440833732299591,
                0.4429591365070063,
                0.4427481610041508,
                0.4671193393225048,
                0.44686431616808714,
                0.44634165956069755,
                0.45861424749418334,
                0.4551751875588827,
                0.45853272519196453,
                0.4587147855877266
            ]
        }
    }
}