{
    "assistments": {
        "Counting Methods": {
            "BKT": {
                "auc": [
                    0.5754961832061068,
                    0.5874970440187832,
                    0.5817661557161184,
                    0.5940306570328854,
                    0.6037083277095425,
                    0.5913377192982456,
                    0.561784528889792,
                    0.4982630906768838,
                    0.5618552335134586,
                    0.5431796545627635
                ],
                "rmse": [
                    0.4947001140199463,
                    0.4936567691571056,
                    0.49437050040278036,
                    0.49210312073532636,
                    0.49098023792067624,
                    0.4922239342869365,
                    0.4963051484418525,
                    0.501817542606577,
                    0.4957658710668246,
                    0.4987884431989417
                ]
            },
            "BKT+F": {
                "auc": [
                    0.6022476675148432,
                    0.5908921995878518,
                    0.5760770477412385,
                    0.6113512053480992,
                    0.6165643136725604,
                    0.5916919703103913,
                    0.5561454311454312,
                    0.5134014474244359,
                    0.5675808446123355,
                    0.527046783625731
                ],
                "rmse": [
                    0.4903674631490592,
                    0.49344642724673565,
                    0.49483678273382553,
                    0.4889355475280287,
                    0.49214837696594393,
                    0.4947987183716567,
                    0.4980663816786508,
                    0.5023624971579125,
                    0.4966687540546533,
                    0.4984405214243087
                ]
            }
        },
        "Effect of Changing Dimensions of a Shape Prportionally": {
            "BKT": {
                "auc": [
                    0.7535000000000001,
                    0.6921487603305785,
                    0.7778331671651711,
                    0.7420512820512821,
                    0.7623140495867768,
                    0.7527308838133069,
                    0.7664650537634408,
                    0.71684350132626,
                    0.7589045698924731,
                    0.8014002732240437
                ],
                "rmse": [
                    0.4296361232078274,
                    0.4694089772503937,
                    0.4161106941733448,
                    0.4324817472079583,
                    0.4632856182584099,
                    0.4448272292928248,
                    0.43850171481283595,
                    0.46504598168504757,
                    0.44570631496205865,
                    0.4183027598540622
                ]
            },
            "BKT+F": {
                "auc": [
                    0.7555000000000001,
                    0.699724517906336,
                    0.7951146560319043,
                    0.7403418803418804,
                    0.7613223140495868,
                    0.7543859649122806,
                    0.7647849462365591,
                    0.7045755968169761,
                    0.7595766129032258,
                    0.7969603825136613
                ],
                "rmse": [
                    0.4303734134128266,
                    0.46878785527570144,
                    0.4118850412225123,
                    0.43149816093767285,
                    0.4448167959200495,
                    0.44194808054361917,
                    0.4388760953794783,
                    0.4671340687781398,
                    0.44085862050104374,
                    0.4177146862557999
                ]
            }
        },
        "Scatter Plot": {
            "BKT": {
                "auc": [
                    0.7141904507868765,
                    0.6742081447963801,
                    0.6476393704987996,
                    0.8337694051979767,
                    0.8053418803418804,
                    0.6775977366255144,
                    0.6636904761904763,
                    0.6948447893569845,
                    0.7603935698447893,
                    0.715875
                ],
                "rmse": [
                    0.3143858384943701,
                    0.29056404864563945,
                    0.32354226490752647,
                    0.37572394646491775,
                    0.33421491124746194,
                    0.3298745327796399,
                    0.3001324120429628,
                    0.31604989623561036,
                    0.3063186647819723,
                    0.329314346140744
                ]
            },
            "BKT+F": {
                "auc": [
                    0.6995198719658576,
                    0.6627218934911243,
                    0.6425713523606296,
                    0.8358625501482645,
                    0.8091880341880342,
                    0.6770833333333334,
                    0.6537698412698412,
                    0.6879157427937915,
                    0.7609478935698448,
                    0.707875
                ],
                "rmse": [
                    0.31413923626559603,
                    0.2902007330948402,
                    0.3231844399242558,
                    0.3763471655190916,
                    0.3336506030487249,
                    0.33031657197618003,
                    0.30050813041784935,
                    0.3173774220645951,
                    0.30628997824481335,
                    0.3296675751423216
                ]
            }
        }
    }
}